<?xml version="1.0" encoding="UTF-8"?>
<project-private xmlns="http://www.netbeans.org/ns/project-private/1">
    <editor-bookmarks xmlns="http://www.netbeans.org/ns/editor-bookmarks/2" lastBookmarkId="0"/>
    <open-files xmlns="http://www.netbeans.org/ns/projectui-open-files/2">
        <group>
            <file>file:/C:/Users/Milene/Documents/NetBeansProjects/TaskManager/gerenciador.php</file>
            <file>file:/C:/Users/Milene/Documents/NetBeansProjects/TaskManager/files/Tarefa.php</file>
            <file>file:/C:/Users/Milene/Documents/NetBeansProjects/TaskManager/gerenciador.html</file>
            <file>file:/C:/Users/Milene/Documents/NetBeansProjects/TaskManager/data.php</file>
            <file>file:/C:/Users/Milene/Documents/NetBeansProjects/TaskManager/index.php</file>
            <file>file:/C:/Users/Milene/Documents/NetBeansProjects/TaskManager/server.php</file>
            <file>file:/C:/Users/Milene/Documents/NetBeansProjects/TaskManager/dao/database.php</file>
        </group>
    </open-files>
</project-private>
